{
  "project_info": {
    "project_number": "111465750135",
    "project_id": "smart-parking-db7d9",
    "storage_bucket": "smart-parking-db7d9.appspot.com"
  },
  "client": [
    {
      "client_info": {
        "mobilesdk_app_id": "1:111465750135:android:50b659a93b407a1130f072",
        "android_client_info": {
          "package_name": "com.bnmit.smartparking"
        }
      },
      "oauth_client": [
        {
          "client_id": "111465750135-9mln8ilts1832m5dje65qp5n62ahblnp.apps.googleusercontent.com",
          "client_type": 3
        }
      ],
      "api_key": [
        {
          "current_key": "AIzaSyDjx1YIaYNYPrrGjfl8LBTARfMbeNVim8s"
        }
      ],
      "services": {
        "appinvite_service": {
          "other_platform_oauth_client": [
            {
              "client_id": "111465750135-9mln8ilts1832m5dje65qp5n62ahblnp.apps.googleusercontent.com",
              "client_type": 3
            }
          ]
        }
      }
    },
    {
      "client_info": {
        "mobilesdk_app_id": "1:111465750135:android:97c13ad88729975530f072",
        "android_client_info": {
          "package_name": "com.example.smart_parking"
        }
      },
      "oauth_client": [
        {
          "client_id": "111465750135-9mln8ilts1832m5dje65qp5n62ahblnp.apps.googleusercontent.com",
          "client_type": 3
        }
      ],
      "api_key": [
        {
          "current_key": "AIzaSyDjx1YIaYNYPrrGjfl8LBTARfMbeNVim8s"
        }
      ],
      "services": {
        "appinvite_service": {
          "other_platform_oauth_client": [
            {
              "client_id": "111465750135-9mln8ilts1832m5dje65qp5n62ahblnp.apps.googleusercontent.com",
              "client_type": 3
            }
          ]
        }
      }
    }
  ],
  "configuration_version": "1"
}